,ticker
0,SSI
1,BCM
2,VHM
3,VIC
4,VRE
5,BVH
6,POW
7,GAS
8,ACB
9,BID
10,CTG
11,HDB
12,MBB
13,SSB
14,SHB
15,STB
16,TCB
17,TPB
18,VCB
19,VIB
20,VPB
21,HPG
22,GVR
23,MSN
24,VNM
25,SAB
26,VJC
27,MWG
28,PLX
29,FPT
30,MFS
31,ABC
32,VGI
33,FOX
34,PAI
35,PIA
36,PTP
37,TTN
38,FUCTVGF3
39,FUEIP100
40,FUEKIV30
41,FUCTVGF4
42,FUEDCMID
43,FUEKIVFS
44,FUEMAVND
45,FUEFCV50
46,FUEBFVND
47,FUESSV50
48,E1VFVN30
49,FUESSVFL
50,FUEMAV30
51,FUESSV30
52,FUEVFVND
53,FUEVN100
54,FUCVREIT
55,ABW
56,AGR
57,APG
58,APS
59,BCG
60,BMS
61,BSI
62,BVS
63,TIN
64,CTS
65,DSC
66,EVF
67,FIT
68,ART
69,FTS
70,AAS
71,HBS
72,HCM
73,HAC
74,IBC
75,IVS
76,EVS
77,OGC
78,ORS
79,CSI
80,PHS
81,PSI
82,SBS
83,SHS
84,TCI
85,MBS
86,TVB
87,TVC
88,TVS
89,VCI
90,VDS
91,VFS
92,VUA
93,VIG
94,VIX
95,VND
96,WSS
97,BVL
98,SSH
99,BIG
100,MGR
101,AAV
102,AGG
103,AMD
104,API
105,BII
106,MH3
107,C21
108,CCL
109,CRE
110,CEO
111,CKG
112,CK8
113,CLG
114,D11
115,D2D
116,DIG
117,DRH
118,DTA
119,DXG
120,DXS
121,EFI
122,LEC
123,FDC
124,FID
125,FIR
126,FLC
127,HPX
128,HD6
129,HAR
130,XDH
131,HDC
132,HDG
133,TCH
134,HPI
135,HLD
136,DCH
137,HQC
138,HRB
139,HTN
140,HD2
141,HU6
142,HD8
143,IDC
144,IDJ
145,IDV
146,IJC
147,ITA
148,ITC
149,KAC
150,KBC
151,KDH
152,KHG
153,KOS
154,LSG
155,LDG
156,LGL
157,LHG
158,LMH
159,MA1
160,NBB
161,NDN
162,NRC
163,NLG
164,NVL
165,NTB
166,NTC
167,NTL
168,NVT
169,PDR
170,PIV
171,PLA
172,PPI
173,KSF
174,PTL
175,PTN
176,PV2
177,PXC
178,PVL
179,PVR
180,PWA
181,PXA
182,PXL
183,QCG
184,RCL
185,TBR
186,SID
187,SCR
188,SGR
189,SIP
190,SZC
191,SJS
192,SZG
193,STL
194,SZL
195,SZB
196,TDC
197,TDH
198,TEG
199,THD
200,TIG
201,TID
202,TIP
203,TIX
204,TLD
205,TN1
206,V11
207,V21
208,VC3
209,VCR
210,VHD
211,VGV
212,VNI
213,VPH
214,VPI
215,VRC
216,VRG
217,ABI
218,BIC
219,BLI
220,BMI
221,BHI
222,MIG
223,PGI
224,PTI
225,PVI
226,PRE
227,AIC
228,VNR
229,AVC
230,BSA
231,BHA
232,BTP
233,CHP
234,TDB
235,TTE
236,DNC
237,DNH
238,DRL
239,DTE
240,DTV
241,PGV
242,GHC
243,GEG
244,GSM
245,HTE
246,HJS
247,HNA
248,HPD
249,KHP
250,NBP
251,ND2
252,HND
253,NT2
254,PIC
255,PPC
256,PBK
257,QTP
258,QPH
259,SBA
260,SBH
261,SEB
262,SHP
263,SJD
264,SMA
265,SP2
266,ISH
267,S4A
268,SVH
269,TBC
270,VCP
271,NTH
272,TMP
273,TTA
274,DTK
275,VPD
276,VSH
277,XMP
278,PPT
279,ASP
280,BLW
281,BDW
282,NBT
283,BGW
284,BWE
285,BMF
286,BNW
287,BTW
288,BWA
289,BWS
290,CMW
291,CCI
292,CLW
293,CNG
294,CTW
295,DWC
296,DLM
297,DMS
298,DNW
299,DNN
300,DWS
301,DVC
302,GDW
303,GLW
304,HGW
305,HDW
306,HFC
307,HPW
308,HTC
309,HWS
310,DDG
311,KHW
312,LAW
313,LDW
314,LKW
315,MTG
316,NAW
317,NBW
318,NDW
319,NLS
320,NNT
321,NQB
322,NQT
323,NS2
324,PSH
325,NTW
326,TOW
327,PCG
328,PEG
329,PGC
330,PGD
331,PGS
332,PJC
333,PJS
334,PMG
335,PMW
336,PND
337,POB
338,POV
339,DNA
340,GCB
341,PTH
342,PVG
343,PPY
344,PWS
345,QNW
346,NQN
347,CHS
348,SFC
349,SII
350,NSL
351,STW
352,TAW
353,TDG
354,TDM
355,TDW
356,TLP
357,THN
358,THW
359,TMC
360,TVW
361,TQW
362,TNW
363,UPC
364,VAV
365,VWS
366,VMG
367,VXT
368,VPW
369,NVP
370,VLW
371,VCW
372,ABB
373,EIB
374,BVB
375,KLB
376,LPB
377,MSB
378,NAB
379,BAB
380,NVB
381,OCB
382,PGB
383,SGB
384,VAB
385,VBB
386,ACG
387,CAP
388,DHC
389,DLG
390,FRM
391,FRC
392,GTA
393,HAP
394,HHP
395,MDF
396,PIS
397,PTB
398,SAV
399,SVT
400,TQN
401,TMW
402,TTF
403,VID
404,VIF
405,GVT
406,HSV
407,BCA
408,BVG
409,CBI
410,TTS
411,DPS
412,DTL
413,HLA
414,HMC
415,HMG
416,HSG
417,ITQ
418,KKC
419,KLM
420,KMT
421,KTL
422,KVC
423,MEL
424,MHL
425,NHV
426,NKG
427,PAS
428,POM
429,SHA
430,NSH
431,SHI
432,SMC
433,SSM
434,TDS
435,TIS
436,TKG
437,TKU
438,TLH
439,TNA
440,TNB
441,TNS
442,TNI
443,VCA
444,VDT
445,VGS
446,TMG
447,VGL
448,TVN
449,DFC
450,CST
451,ACM
452,AMC
453,ATG
454,BCB
455,BKC
456,BMC
457,BMJ
458,KCB
459,VBG
460,DHM
461,GLC
462,HGM
463,HLC
464,HPM
465,KSB
466,KSH
467,KHD
468,LMC
469,KSQ
470,KSS
471,KSV
472,LCM
473,MDC
474,MIC
475,MIM
476,MTA
477,MSR
478,NBC
479,SHN
480,SPI
481,SQC
482,TC6
483,TDN
484,THT
485,TNT
486,TVD
487,CLM
488,VDB
489,MVB
490,VIM
491,MGC
492,TMB
493,VPG
494,YBM
495,VTZ
496,PCH
497,AAA
498,LTG
499,APP
500,HII
501,BRR
502,BFC
503,BRC
504,CPC
505,CSV
506,DAG
507,DRG
508,DRI
509,DHB
510,DCM
511,DDV
512,DGC
513,DOC
514,DPM
515,DPR
516,DTT
517,GER
518,HAI
519,HNP
520,HCD
521,HPH
522,HRC
523,HSI
524,HVT
525,IRC
526,LAS
527,LNC
528,VET
529,NFC
530,NHH
531,PMB
532,PGN
533,PLP
534,PHR
535,PLC
536,BT1
537,PSE
538,PCE
539,PCN
540,PSW
541,QBS
542,RDP
543,RBC
544,SEP
545,SFG
546,NSG
547,SIV
548,SJF
549,SBR
550,SPC
551,RTB
552,TNC
553,TPC
554,TRC
555,TSC
556,VAF
557,PAT
558,VFG
559,PVO
560,VPS
561,VKP
562,VNP
563,VNY
564,VTQ
565,VXP
566,VVS
567,CMC
568,CSM
569,CTF
570,DRC
571,FTI
572,GGG
573,HAX
574,HHS
575,HTL
576,SRC
577,SVC
578,TMT
579,VKC
580,VMA
581,CMM
582,CNA
583,GCF
584,AAM
585,ABT
586,ACL
587,AGF
588,AGM
589,ANT
590,ANV
591,APF
592,ASM
593,ATA
594,AVF
595,BAF
596,BNA
597,BBC
598,PRT
599,BLT
600,BLF
601,C22
602,CAD
603,CAN
604,CCA
605,CBS
606,CLX
607,CMF
608,CAT
609,CMX
610,CMN
611,DBC
612,NSS
613,DMN
614,FMC
615,FCS
616,HAG
617,HHC
618,HSL
619,HKB
620,BKH
621,HAF
622,HNG
623,HNM
624,HNF
625,HVA
626,HVG
627,ICF
628,IDI
629,IDP
630,ILA
631,KDC
632,KTC
633,KHS
634,KTS
635,LAF
636,LSS
637,MCF
638,MCM
639,JOS
640,MLS
641,MML
642,MPC
643,MCH
644,NCS
645,NDF
646,NGC
647,NSC
648,OCH
649,PAN
650,PRO
651,PSL
652,DAT
653,CQN
654,QNS
655,SAF
656,APT
657,SBT
658,SEA
659,SPV
660,SGC
661,SGO
662,SJ1
663,SLS
664,SNC
665,SPD
666,SPH
667,SSC
668,SSN
669,TFC
670,TCJ
671,BCF
672,THP
673,TAR
674,TS4
675,VHC
676,VHF
677,VLC
678,VSN
679,VLF
680,BMV
681,VSF
682,VNH
683,VOC
684,CBC
685,BHK
686,BHN
687,BHP
688,BHG
689,BSP
690,CPA
691,CFV
692,CTP
693,BSD
694,EPC
695,FGL
696,HAD
697,HNR
698,HLB
699,BBM
700,HAT
701,HAV
702,HBH
703,HKT
704,IFS
705,NAF
706,PCF
707,BQB
708,QHW
709,BSH
710,BSQ
711,SKV
712,SKH
713,BSL
714,SBL
715,SCD
716,SKN
717,SMB
718,THB
719,BTB
720,TAN
721,FCC
722,VCF
723,VDL
724,SB1
725,VTL
726,WSB
727,CLC
728,HJC
729,NST
730,VTJ
731,BEL
732,GLT
733,NHT
734,DCS
735,DQC
736,FBA
737,GDT
738,KSD
739,RAL
740,SHE
741,TLG
742,XHC
743,SGI
744,AAT
745,AG1
746,ASA
747,A32
748,BBT
749,BDG
750,BKG
751,BMG
752,BVN
753,STK
754,DCG
755,ADS
756,DM7
757,MGG
758,EVE
759,FTM
760,G20
761,M10
762,GIL
763,GMC
764,HCB
765,HLT
766,HSM
767,HDM
768,HTG
769,HNI
770,HUG
771,KMR
772,LGM
773,LIX
774,MPT
775,NJC
776,NET
777,MNB
778,NTT
779,PNJ
780,PPH
781,PTG
782,MSH
783,SPB
784,SSF
785,SVD
786,TCM
787,GTD
788,TDT
789,CET
790,TET
791,TLI
792,TNG
793,TTG
794,VDN
795,NDT
796,TVT
797,VGT
798,VGG
799,VTI
800,X20
801,X26
802,XPH
803,ODE
804,ADC
805,ALT
806,BDB
807,BED
808,BST
809,ADG
810,DAD
811,DAE
812,DST
813,EBS
814,ECI
815,EID
816,FHS
817,FOC
818,HEV
819,HTP
820,IHK
821,IN4
822,IBD
823,LBE
824,NBE
825,PNC
826,RGC
827,QST
828,SAP
829,VNB
830,SED
831,SGD
832,SMN
833,STC
834,STH
835,TPH
836,VEF
837,VNZ
838,VNX
839,VPR
840,CAB
841,EPH
842,YEG
843,DSD
844,ATS
845,BCV
846,VTG
847,BTV
848,BLN
849,CTC
850,DAH
851,DLD
852,DNT
853,DSN
854,DTI
855,DXL
856,GTT
857,HES
858,HGT
859,HHG
860,HRT
861,TSJ
862,HOT
863,KLF
864,MAS
865,MTC
866,NWT
867,ONW
868,PDC
869,PGT
870,EIN
871,DSP
872,RIC
873,SCS
874,BSG
875,SGH
876,SRT
877,TPS
878,SHX
879,SKG
880,STT
881,TCT
882,TSD
883,TTT
884,VTD
885,VTR
886,VIR
887,HVN
888,VNG
889,VNS
890,VTM
891,DLT
892,AFX
893,AGX
894,DHT
895,FHN
896,TH1
897,ABS
898,BSC
899,BTT
900,CEN
901,CMV
902,COM
903,CPH
904,DGW
905,FRT
906,HTM
907,HFX
908,HTT
909,KGM
910,DKC
911,LBC
912,PET
913,PIT
914,PNG
915,PSD
916,SAS
917,SBV
918,AST
919,THS
920,TTH
921,TOP
922,TV6
923,TOS
924,PEQ
925,PTV
926,POS
927,PVB
928,PVC
929,PVD
930,PVE
931,PVS
932,BSR
933,OIL
934,AMV
935,TNH
936,CVN
937,DNM
938,JVC
939,MEF
940,MRF
941,TTD
942,DTH
943,YTC
944,GPC
945,AGP
946,AMP
947,APC
948,BCP
949,DBD
950,BIO
951,TW3
952,CNC
953,CDP
954,DP1
955,DTP
956,DAN
957,DBM
958,DBT
959,DCL
960,DDN
961,DHG
962,DMC
963,DPP
964,DP2
965,DP3
966,HDP
967,DHD
968,DHN
969,DPH
970,IMP
971,LDP
972,MED
973,MKP
974,MKV
975,MTP
976,NDP
977,NTF
978,NDC
979,OPC
980,PBC
981,PMC
982,PPP
983,SPM
984,DTG
985,TRA
986,TVP
987,UPH
988,VDP
989,DVM
990,VHE
991,VMD
992,DVN
993,CKV
994,ELC
995,ITD
996,KST
997,LTC
998,ONE
999,PMJ
1000,PMT
1001,POT
1002,SAM
1003,SMT
1004,ST8
1005,VEC
1006,VIE
1007,VTC
1008,VTE
1009,CMG
1010,CMT
1011,ICT
1012,HIG
1013,HPT
1014,SBD
1015,SGT
1016,SRA
1017,SRB
1018,TST
1019,UNI
1020,VLA
1021,XDC
1022,GMH
1023,HMR
1024,ACC
1025,ACE
1026,ACS
1027,ADP
1028,ALV
1029,ATB
1030,B82
1031,VLB
1032,BCC
1033,BCE
1034,MVC
1035,BHC
1036,BMN
1037,BMP
1038,BOT
1039,BT6
1040,BTN
1041,BTS
1042,BTD
1043,C69
1044,C32
1045,C47
1046,TS3
1047,C92
1048,HFB
1049,CCM
1050,CDC
1051,CDG
1052,CDO
1053,CH5
1054,CHC
1055,CI5
1056,CID
1057,CEG
1058,C4G
1059,C12
1060,CIG
1061,CII
1062,CIP
1063,TVH
1064,CMI
1065,CMD
1066,CMS
1067,CNT
1068,CC1
1069,TCK
1070,ICN
1071,CNN
1072,CRC
1073,CSC
1074,CT3
1075,CT6
1076,CTA
1077,CTD
1078,GTS
1079,CTI
1080,CTN
1081,CTR
1082,CTX
1083,CVT
1084,CX8
1085,CYC
1086,DAC
1087,DCR
1088,DPG
1089,DC2
1090,DC4
1091,DCT
1092,DCF
1093,DFF
1094,DGT
1095,DHA
1096,DIC
1097,DC1
1098,DID
1099,DIH
1100,DLR
1101,DND
1102,DNP
1103,CDR
1104,BDT
1105,DTC
1106,DVG
1107,DSG
1108,DVW
1109,DXV
1110,E29
1111,EVG
1112,EIC
1113,ROS
1114,FCM
1115,FCN
1116,FIC
1117,GAB
1118,GMX
1119,H11
1120,HC1
1121,HC3
1122,HID
1123,HAM
1124,HHV
1125,HAN
1126,HAS
1127,GH3
1128,HBC
1129,HCC
1130,HCI
1131,HDA
1132,HEJ
1133,HLY
1134,HMS
1135,HOM
1136,HPP
1137,HSP
1138,HT1
1139,HTI
1140,HU1
1141,HU3
1142,HU4
1143,HUT
1144,HVH
1145,HVX
1146,L40
1147,ICC
1148,ICG
1149,ICI
1150,CC4
1151,INC
1152,KCE
1153,KDM
1154,KHL
1155,GKM
1156,KPF
1157,KTT
1158,L14
1159,L18
1160,L45
1161,LBM
1162,LCC
1163,LCD
1164,LCG
1165,LCS
1166,LGC
1167,LHC
1168,LIC
1169,L12
1170,LG9
1171,LIG
1172,LAI
1173,LM3
1174,LM8
1175,LUT
1176,MCC
1177,MCG
1178,MCO
1179,MDG
1180,MEC
1181,MES
1182,MST
1183,NAC
1184,NAV
1185,NDX
1186,NED
1187,NHA
1188,VCE
1189,NHC
1190,NNC
1191,NTP
1192,NXT
1193,PC1
1194,PCC
1195,PCM
1196,PDB
1197,PEN
1198,PFL
1199,PHC
1200,PHH
1201,PID
1202,PLE
1203,PNT
1204,PSB
1205,PSG
1206,PTC
1207,PTE
1208,PTO
1209,PTD
1210,DTD
1211,PVA
1212,PVH
1213,PVY
1214,PVV
1215,PVX
1216,PX1
1217,PXI
1218,PXM
1219,PXS
1220,PXT
1221,QCC
1222,QNC
1223,QNT
1224,QTC
1225,RCC
1226,RCD
1227,S12
1228,S27
1229,S55
1230,S72
1231,S74
1232,S96
1233,S99
1234,SBM
1235,SC5
1236,SCC
1237,SCG
1238,SCI
1239,SCJ
1240,SCL
1241,SD1
1242,SD2
1243,SD3
1244,SD4
1245,SD5
1246,SD6
1247,SD7
1248,SD8
1249,SD9
1250,SDB
1251,SDD
1252,SDJ
1253,SDN
1254,SDP
1255,XLV
1256,SDT
1257,SDU
1258,SDX
1259,SDY
1260,SHG
1261,SJC
1262,SJE
1263,SJM
1264,SIG
1265,SNZ
1266,SJG
1267,SVN
1268,TA3
1269,TA6
1270,TA9
1271,TBT
1272,TBX
1273,TCR
1274,G36
1275,TED
1276,TEL
1277,TGG
1278,THG
1279,TKC
1280,TL4
1281,TTL
1282,TLT
1283,TMX
1284,BAX
1285,TNM
1286,TCD
1287,TDF
1288,TTB
1289,TTC
1290,HUB
1291,TRT
1292,TTZ
1293,GND
1294,TV3
1295,TVA
1296,TVG
1297,TXM
1298,UDC
1299,UDJ
1300,UIC
1301,UMC
1302,USC
1303,V12
1304,V15
1305,VC1
1306,VC2
1307,VC5
1308,VC6
1309,VC7
1310,VC9
1311,VCC
1312,CCV
1313,VCG
1314,VIH
1315,VCS
1316,VCX
1317,VE1
1318,VE2
1319,VE3
1320,VE4
1321,VE8
1322,VE9
1323,VGC
1324,VHH
1325,VHL
1326,MBG
1327,VVN
1328,VIT
1329,VIW
1330,VMC
1331,CGV
1332,VNE
1333,E12
1334,VPC
1335,VSI
1336,VTA
1337,VTS
1338,VTV
1339,CLH
1340,VW3
1341,VXB
1342,X77
1343,XMC
1344,XMD
1345,CQT
1346,YBC
1347,AME
1348,BTH
1349,CAV
1350,CJC
1351,DHP
1352,EME
1353,EMG
1354,GEX
1355,GEE
1356,PHN
1357,HEM
1358,HLS
1359,NAG
1360,PAC
1361,TBD
1362,TGP
1363,TIE
1364,TSB
1365,TYA
1366,VBH
1367,KIP
1368,VTB
1369,VTH
1370,ACV
1371,CAG
1372,ASG
1373,HNB
1374,CCT
1375,VSM
1376,CCR
1377,CLL
1378,CMP
1379,CPI
1380,CIA
1381,SGP
1382,DDM
1383,DL1
1384,DNL
1385,CDN
1386,DOP
1387,DSV
1388,DVP
1389,DXP
1390,EMS
1391,GMD
1392,GIC
1393,GSP
1394,DDH
1395,HAH
1396,HCT
1397,HHN
1398,HHR
1399,HLR
1400,HMH
1401,CCP
1402,TUG
1403,HTV
1404,ILB
1405,ISG
1406,IST
1407,MHC
1408,NAP
1409,NAS
1410,NCT
1411,NOS
1412,PAP
1413,PCT
1414,PDN
1415,PDV
1416,PHP
1417,PJT
1418,PLO
1419,PNP
1420,PRC
1421,PSC
1422,PSP
1423,PTS
1424,PSN
1425,PTX
1426,PTT
1427,PVT
1428,PVP
1429,QSP
1430,PQN
1431,RAT
1432,DS3
1433,SGN
1434,SAC
1435,SFI
1436,SGS
1437,SHC
1438,TSG
1439,SSG
1440,STG
1441,STS
1442,SWC
1443,TBH
1444,TCL
1445,TCO
1446,TCW
1447,TJC
1448,TMS
1449,TNP
1450,TOT
1451,TR1
1452,TRS
1453,VFC
1454,VFR
1455,VGP
1456,VIN
1457,VMT
1458,VIP
1459,VGR
1460,VMS
1461,VNA
1462,VNF
1463,VNL
1464,MVN
1465,VLG
1466,VNT
1467,VOS
1468,VSA
1469,VPA
1470,VSC
1471,VSE
1472,VSG
1473,VST
1474,VTO
1475,VTP
1476,VTX
1477,WCS
1478,WTC
1479,CAR
1480,LPT
1481,ABR
1482,AGE
1483,ARM
1484,DTB
1485,BMD
1486,MBN
1487,BRS
1488,BTU
1489,CDH
1490,CFM
1491,UDL
1492,DNE
1493,DUS
1494,MCD
1495,MTV
1496,HEC
1497,HEP
1498,HSA
1499,ILC
1500,IPA
1501,AMS
1502,MDA
1503,MLC
1504,MPY
1505,MQB
1506,MTH
1507,MTL
1508,NAU
1509,MND
1510,NUE
1511,PPE
1512,PPS
1513,PVM
1514,MQN
1515,QNU
1516,SDA
1517,SDC
1518,SDV
1519,SFN
1520,SZE
1521,MTB
1522,THU
1523,TV1
1524,TV2
1525,TV4
1526,UCT
1527,USD
1528,VCM
1529,VCT
1530,TVM
1531,VLP
1532,MTS
1533,VNC
1534,VQC
1535,VTK
1536,APH
1537,BAL
1538,BBH
1539,BBS
1540,BPC
1541,BTG
1542,BXH
1543,DPC
1544,HBD
1545,HDO
1546,HPB
1547,INN
1548,ILS
1549,MCP
1550,NHP
1551,PBP
1552,PMP
1553,PBT
1554,QHD
1555,SDG
1556,STP
1557,SVG
1558,SVI
1559,TKA
1560,TB8
1561,TDP
1562,TPP
1563,TTP
1564,VBC
1565,VHG
1566,NO1
1567,CKA
1568,APL
1569,CE1
1570,CKD
1571,CMK
1572,CTB
1573,CTT
1574,DAS
1575,DZM
1576,FSO
1577,FBC
1578,FT1
1579,GMA
1580,IME
1581,ITS
1582,L10
1583,L35
1584,L43
1585,L44
1586,L61
1587,L62
1588,L63
1589,LMI
1590,LQN
1591,LLM
1592,LM7
1593,LO5
1594,MAC
1595,MIE
1596,PEC
1597,PMS
1598,REE
1599,SAL
1600,SCO
1601,SCY
1602,SDK
1603,SRF
1604,UEM
1605,VEA
1606,VES
